{
    "LEFT_SHOULDER": 104.5110889054544,
    "LEFT_ELBOW": 122.14613037528467,
    "LEFT_HIP": 160.0,
    "LEFT_KNEE": 175.0,
    "LEFT_ANKLE": 101.04845663909273,
    "RIGHT_SHOULDER": 85.57783084508603,
    "RIGHT_ELBOW": 109.47557507618637,
    "RIGHT_HIP": 160.0,
    "RIGHT_KNEE": 175.0,
    "RIGHT_ANKLE": 94.92348450567759
}