{
    "LEFT_SHOULDER": 107.65173893687736,
    "RIGHT_SHOULDER": 85.57783084508603,
    "LEFT_ELBOW": 106.89208383291589,
    "RIGHT_ELBOW": 109.47557507618637,
    "LEFT_HIP": 159.92463646568612,
    "RIGHT_HIP": 160.21677598928224,
    "LEFT_KNEE": 172.72432446217158,
    "RIGHT_KNEE": 172.12309648136818,
    "LEFT_ANKLE": 99.10511177847188,
    "RIGHT_ANKLE": 94.92348450567759
}