{
	"LEFT_SHOULDER": 104.13787747968517, 
	"RIGHT_SHOULDER": 78.4555195965143, 
	"LEFT_ELBOW": 98.65054799910662, 
	"RIGHT_ELBOW": 102.03225069050303, 
	"LEFT_HIP": 157.19010117575613, 
	"RIGHT_HIP": 161.64209755935948, 
	"LEFT_KNEE": 174.6181876925518, 
	"RIGHT_KNEE": 171.4963394721882, 
	"LEFT_ANKLE": 87.1122007269677, 
	"RIGHT_ANKLE": 86.9283530353714
}