{"LEFT_SHOULDER": 165.88890864673917, "RIGHT_SHOULDER": 153.20828845486872, "LEFT_ELBOW": 153.61120642376665, "RIGHT_ELBOW": 163.3014742620245, "LEFT_HIP": 97.64611072133951, "RIGHT_HIP": 130.5388741995487, "LEFT_KNEE": 145.84625672299853, "RIGHT_KNEE": 56.218335997632025}