{"LEFT_SHOULDER": 94.89073073387819, "RIGHT_SHOULDER": 80.84573505702, "LEFT_ELBOW": 170.5593174451654, "RIGHT_ELBOW": 155.28775489348655, "LEFT_HIP": 136.0465987865605, "RIGHT_HIP": 155.39119047807768, "LEFT_KNEE": 141.65426648777242, "RIGHT_KNEE": 101.64706315576447, "RIGHT_ANKLE": 98.50079219749776}