{"LEFT_SHOULDER": 114.40534700938844, "RIGHT_SHOULDER": 88.96806785281315, "LEFT_ELBOW": 165.14416641580348, "RIGHT_ELBOW": 153.91785271750342, "LEFT_HIP": 128.17258658637243, "RIGHT_HIP": 147.96867760459605, "LEFT_KNEE": 139.46844890219603, "RIGHT_KNEE": 123.26778659649219, "RIGHT_ANKLE": 98.77654553724285}