{"LEFT_SHOULDER": 104.5110889054544, "RIGHT_SHOULDER": 88.8240349303573, "LEFT_ELBOW": 122.14613037528467, "RIGHT_ELBOW": 68.33417062564662, "LEFT_HIP": 161.6660526730265, "RIGHT_HIP": 155.53970812611539, "LEFT_KNEE": 176.0266960928193, "RIGHT_KNEE": 160.32575586925861, "LEFT_ANKLE": 101.04845663909273, "RIGHT_ANKLE": 82.5274196642718}