{"LEFT_SHOULDER": 104.26908829496229, "RIGHT_SHOULDER": 89.01687417084645, "LEFT_ELBOW": 122.79943441160927, "RIGHT_ELBOW": 67.71047130326568, "LEFT_HIP": 161.54329971336855, "RIGHT_HIP": 154.92074397359045, "LEFT_KNEE": 167.00049496655168, "RIGHT_KNEE": 159.46615830189583, "LEFT_ANKLE": 105.78078955847613, "RIGHT_ANKLE": 77.89506300880339}