{"LEFT_SHOULDER": 168.7287138651958, "RIGHT_SHOULDER": 158.89642517254066, "LEFT_ELBOW": 152.4247493908775, "RIGHT_ELBOW": 160.00223101762384, "LEFT_HIP": 99.30661569454, "RIGHT_HIP": 133.31583186473375, "LEFT_KNEE": 154.93918551749994, "RIGHT_KNEE": 50.604252374395045}