{"LEFT_SHOULDER": 87.72928801213132, "LEFT_ELBOW": 147.82015669138858, "LEFT_HIP": 164.5102589978886, "LEFT_KNEE": 165.716038932281, "LEFT_WRIST": 144.71222412610297}