{"LEFT_SHOULDER": 81.49833653794487, "LEFT_ELBOW": 152.98359123462487, "LEFT_HIP": 171.63333442392485, "LEFT_KNEE": 176.83367492401442, "LEFT_WRIST": 147.8658654405179}