{"LEFT_SHOULDER": 75.01255087794563, "RIGHT_SHOULDER": 45.8392489560793, "LEFT_ELBOW": 150.00174848808953, "RIGHT_ELBOW": 156.32141270443373, "LEFT_HIP": 174.1779240827549, "RIGHT_HIP": 170.39963481280148, "LEFT_KNEE": 177.81392792965974, "RIGHT_KNEE": 172.92695003131894, "LEFT_WRIST": 145.65676590714224, "RIGHT_WRIST": 70.01188391347881}