{"LEFT_SHOULDER": 101.2959335245058, "RIGHT_SHOULDER": 77.17820612544217, "LEFT_ELBOW": 94.19246067031531, "RIGHT_ELBOW": 103.02642147590976, "LEFT_HIP": 161.34624340389595, "RIGHT_HIP": 161.29834506778698, "LEFT_KNEE": 167.9083903874134, "RIGHT_KNEE": 166.31992493812436, "LEFT_ANKLE": 96.5780063796195, "RIGHT_ANKLE": 89.98042517586843}